block	order	implementation	ns_per_call
0	0	std	161
0	0	parking_lot	167
1	1	parking_lot	147
1	1	std	148
2	2	parking_lot	149
2	2	std	149
3	3	std	161
3	3	parking_lot	164
4	0	std	156
4	0	parking_lot	151
5	1	parking_lot	150
5	1	std	157
6	2	parking_lot	156
6	2	std	154
7	3	std	154
7	3	parking_lot	154
8	0	std	154
8	0	parking_lot	155
9	1	parking_lot	156
9	1	std	155
10	2	parking_lot	154
10	2	std	154
11	3	std	154
11	3	parking_lot	154
12	0	std	154
12	0	parking_lot	155
13	1	parking_lot	152
13	1	std	156
14	2	parking_lot	153
14	2	std	154
15	3	std	155
15	3	parking_lot	153
16	0	std	153
16	0	parking_lot	151
17	1	parking_lot	151
17	1	std	151
18	2	parking_lot	152
18	2	std	153
19	3	std	155
19	3	parking_lot	154
20	0	std	153
20	0	parking_lot	151
21	1	parking_lot	153
21	1	std	156
22	2	parking_lot	153
22	2	std	154
23	3	std	154
23	3	parking_lot	152
24	0	std	153
24	0	parking_lot	152
25	1	parking_lot	152
25	1	std	160
26	2	parking_lot	152
26	2	std	163
27	3	std	155
27	3	parking_lot	153
28	0	std	154
28	0	parking_lot	153
29	1	parking_lot	156
29	1	std	159
30	2	parking_lot	155
30	2	std	156
31	3	std	154
31	3	parking_lot	153
32	0	std	158
32	0	parking_lot	158
33	1	parking_lot	156
33	1	std	158
34	2	parking_lot	153
34	2	std	157
35	3	std	156
35	3	parking_lot	156
36	0	std	158
36	0	parking_lot	154
37	1	parking_lot	156
37	1	std	158
38	2	parking_lot	158
38	2	std	158
39	3	std	157
39	3	parking_lot	157
