a1-large	deferred_fingerprint_ns	500	20	22.256	30	31
a1-large	edit_authoring_ns	500	225327	230185.698	263663	294247
a1-large	edit_final_owner_ns	500	58056	59620.546	68706	84668
a1-large	edit_final_public_ns	500	314003	316709.102	355663	383611
a1-large	edit_finish_ns	500	14055	14648.468	17845	21140
a1-large	edit_output_materialization_ns	500	1582	1646.402	1942	2533
a1-large	edit_patch_ns	500	164412	166650.524	173879	184255
a1-large	measured_total_ns	500	1153674	1161350.324	1269914	1345420
a1-large	open_owner_ns	500	55953	58253.394	73070	88101
a1-large	open_public_ns	500	300896	300667.91	335153	362671
a1-large	same_lineage_apply_ns	500	78757	80139.518	86679	97094
a1-large	workflow_no_diagnostic_ns	500	1233559	1241489.842	1353680	1428385
a1-large	workflow_with_fingerprint_demand_ns	500	1233579	1241512.098	1353700	1428416
a1-payload-heavy	deferred_fingerprint_ns	500	170	196.116	460	621
a1-payload-heavy	edit_authoring_ns	500	7628816	7665619.57	8237671	8767675
a1-payload-heavy	edit_final_owner_ns	500	785876	786313.222	870723	963140
a1-payload-heavy	edit_final_public_ns	500	8567589	8663049.042	9370288	10808103
a1-payload-heavy	edit_finish_ns	500	540692	543054.758	615821	690924
a1-payload-heavy	edit_output_materialization_ns	500	1005675	1014204.666	1147115	1271938
a1-payload-heavy	edit_patch_ns	500	8363357	8402355.21	8582910	9203949
a1-payload-heavy	measured_total_ns	500	41156352	41378456.84	43521739	45575757
a1-payload-heavy	open_owner_ns	500	781164	786409.272	871123	962058
a1-payload-heavy	open_public_ns	500	10582684	10650672.296	11325359	11891953
a1-payload-heavy	same_lineage_apply_ns	500	4241631	4257857.22	4315013	4646751
a1-payload-heavy	workflow_no_diagnostic_ns	500	45397089	45636314.06	47778343	50196372
a1-payload-heavy	workflow_with_fingerprint_demand_ns	500	45397380	45636510.176	47778924	50196502
a1-tiny	deferred_fingerprint_ns	500	20	22.832	31	31
a1-tiny	edit_authoring_ns	500	18981	20416.528	27688	35620
a1-tiny	edit_final_owner_ns	500	6158	6456.226	8742	11465
a1-tiny	edit_final_public_ns	500	8142	8687.174	12216	15752
a1-tiny	edit_finish_ns	500	4226	4448.962	6019	7220
a1-tiny	edit_output_materialization_ns	500	160	179.43	280	381
a1-tiny	edit_patch_ns	500	25735	26313.808	25997	33997
a1-tiny	measured_total_ns	500	79164	82812.154	100689	114499
a1-tiny	open_owner_ns	500	5608	6103.4	8432	11857
a1-tiny	open_public_ns	500	7861	8400.98	11788	13047
a1-tiny	same_lineage_apply_ns	500	12376	12470.278	12508	12617
a1-tiny	workflow_no_diagnostic_ns	500	91607	95282.432	113036	127055
a1-tiny	workflow_with_fingerprint_demand_ns	500	91627	95305.264	113056	127075
a2-large	deferred_fingerprint_ns	500	20	21.934	30	31
a2-large	edit_authoring_ns	500	228160	229460.708	245319	256655
a2-large	edit_final_owner_ns	500	60963	61132.634	67633	77776
a2-large	edit_final_public_ns	500	313863	314394.168	335683	351856
a2-large	edit_finish_ns	500	13949	14259.736	16513	20107
a2-large	edit_output_materialization_ns	500	1532	1569.54	1782	1912
a2-large	edit_patch_ns	500	164147	165799.082	173909	186719
a2-large	measured_total_ns	500	1156557	1156418.714	1198686	1246742
a2-large	open_owner_ns	500	59422	59321.032	66051	73371
a2-large	open_public_ns	500	298662	297858.672	322075	345907
a2-large	same_lineage_apply_ns	500	78659	79316.766	84336	87821
a2-large	workflow_no_diagnostic_ns	500	1235977	1235735.48	1277685	1325461
a2-large	workflow_with_fingerprint_demand_ns	500	1236002	1235757.414	1277705	1325481
a2-payload-heavy	deferred_fingerprint_ns	500	40	43.45	120	170
a2-payload-heavy	edit_authoring_ns	500	7586518	7671721.02	8102671	8577478
a2-payload-heavy	edit_final_owner_ns	500	759774	769629.512	829446	897259
a2-payload-heavy	edit_final_public_ns	500	8443176	8565501.98	9223229	10811664
a2-payload-heavy	edit_finish_ns	500	526463	532263.67	605487	658309
a2-payload-heavy	edit_output_materialization_ns	500	1056249	1053566.316	1161714	1240824
a2-payload-heavy	edit_patch_ns	500	8376534	8397868.258	8517425	8728828
a2-payload-heavy	measured_total_ns	500	41354792	41677412.24	43605663	44957087
a2-payload-heavy	open_owner_ns	500	731966	745030.788	848532	930105
a2-payload-heavy	open_public_ns	500	10557757	10660018.458	11278808	12824484
a2-payload-heavy	same_lineage_apply_ns	500	4249074	4258839.722	4318946	4410341
a2-payload-heavy	workflow_no_diagnostic_ns	500	45616566	45936251.962	47917017	49367428
a2-payload-heavy	workflow_with_fingerprint_demand_ns	500	45616611	45936295.412	47917047	49367448
a2-tiny	deferred_fingerprint_ns	500	20	21.974	30	31
a2-tiny	edit_authoring_ns	500	18701	19955.474	27217	32072
a2-tiny	edit_final_owner_ns	500	6148	6548.082	8642	14170
a2-tiny	edit_final_public_ns	500	8021	8501.938	11767	15101
a2-tiny	edit_finish_ns	500	4225	4462.144	5798	6719
a2-tiny	edit_output_materialization_ns	500	160	170.014	271	351
a2-tiny	edit_patch_ns	500	25707	26017.776	25955	34709
a2-tiny	measured_total_ns	500	78233	81644.876	96684	113828
a2-tiny	open_owner_ns	500	5618	6077.112	8452	14680
a2-tiny	open_public_ns	500	7711	8124.302	10565	13069
a2-tiny	same_lineage_apply_ns	500	12357	12536.1	12497	19476
a2-tiny	workflow_no_diagnostic_ns	500	90685	94180.976	109152	126185
a2-tiny	workflow_with_fingerprint_demand_ns	500	90705	94202.95	109172	126205
b1-large	deferred_fingerprint_ns	500	164237	166419.848	174662	187339
b1-large	edit_authoring_ns	500	223604	225728.156	238560	254331
b1-large	edit_final_owner_ns	500	57509	58359.598	65101	71258
b1-large	edit_final_public_ns	500	328939	330811.992	345338	379724
b1-large	edit_finish_ns	500	14129	14320.536	16182	20178
b1-large	edit_output_materialization_ns	500	1502	1564.572	1742	1852
b1-large	edit_patch_ns	500	40	41.396	51	80
b1-large	measured_total_ns	500	1012043	1015138.08	1047266	1091308
b1-large	open_owner_ns	500	56528	57790.258	65069	81422
b1-large	open_public_ns	500	311885	313965.424	330948	344547
b1-large	same_lineage_apply_ns	500	40	53.12	51	80
b1-large	workflow_no_diagnostic_ns	500	1012088	1015191.2	1047306	1091348
b1-large	workflow_with_fingerprint_demand_ns	500	1178108	1181611.048	1215020	1255405
b1-payload-heavy	deferred_fingerprint_ns	500	8363865	8399982.726	8596887	8879107
b1-payload-heavy	edit_authoring_ns	500	7632068	7676328.42	8100981	8629892
b1-payload-heavy	edit_final_owner_ns	500	744863	753730.63	817639	857865
b1-payload-heavy	edit_final_public_ns	500	9155614	9260940.474	9837992	11575192
b1-payload-heavy	edit_finish_ns	500	508021	514331.882	577807	629159
b1-payload-heavy	edit_output_materialization_ns	500	967512	972381.376	1065081	1116162
b1-payload-heavy	edit_patch_ns	500	1001	1016.486	1451	1862
b1-payload-heavy	measured_total_ns	500	34025774	34308167.044	36305331	38360021
b1-payload-heavy	open_owner_ns	500	738680	747986.308	831288	911038
b1-payload-heavy	open_public_ns	500	11239047	11372222.504	12249414	13738141
b1-payload-heavy	same_lineage_apply_ns	500	836	833.326	1072	1171
b1-payload-heavy	workflow_no_diagnostic_ns	500	34026720	34309000.37	36306522	38361123
b1-payload-heavy	workflow_with_fingerprint_demand_ns	500	42422558	42708983.096	44786513	46742603
b1-tiny	deferred_fingerprint_ns	500	25746	26021.916	25946	33638
b1-tiny	edit_authoring_ns	500	18595	19203.616	23142	29030
b1-tiny	edit_final_owner_ns	500	6138	6303.536	6679	11686
b1-tiny	edit_final_public_ns	500	8102	8236.622	8582	12357
b1-tiny	edit_finish_ns	500	4245	4300.236	4776	5127
b1-tiny	edit_output_materialization_ns	500	160	164.838	200	231
b1-tiny	edit_patch_ns	500	40	37.468	40	41
b1-tiny	measured_total_ns	500	52428	53669.044	61484	69796
b1-tiny	open_owner_ns	500	5598	5701.502	6138	6640
b1-tiny	open_public_ns	500	7841	8049.318	8281	12688
b1-tiny	same_lineage_apply_ns	500	40	40.372	50	51
b1-tiny	workflow_no_diagnostic_ns	500	52478	53709.416	61524	69856
b1-tiny	workflow_with_fingerprint_demand_ns	500	78283	79731.332	87912	95612
b2-large	deferred_fingerprint_ns	500	164226	166207.432	173519	184795
b2-large	edit_authoring_ns	500	225021	228837.512	245889	277974
b2-large	edit_final_owner_ns	500	58065	59610.816	66242	83174
b2-large	edit_final_public_ns	500	316912	319537.63	345427	365665
b2-large	edit_finish_ns	500	13863	14192.93	16624	19357
b2-large	edit_output_materialization_ns	500	1491	1536.628	1772	1873
b2-large	edit_patch_ns	500	40	40.222	50	109
b2-large	measured_total_ns	500	996827	999773.392	1058702	1129791
b2-large	open_owner_ns	500	56628	57752.182	63778	81152
b2-large	open_public_ns	500	303039	305692.362	330838	365586
b2-large	same_lineage_apply_ns	500	40	46.28	61	160
b2-large	workflow_no_diagnostic_ns	500	996867	999819.672	1058772	1129831
b2-large	workflow_with_fingerprint_demand_ns	500	1163883	1166027.104	1223320	1293837
b2-payload-heavy	deferred_fingerprint_ns	500	8379405	8401042.348	8511768	8788840
b2-payload-heavy	edit_authoring_ns	500	7587906	7649510.98	8180000	8578901
b2-payload-heavy	edit_final_owner_ns	500	738410	749607.182	822316	927021
b2-payload-heavy	edit_final_public_ns	500	9117285	9231560.6	9955752	11553920
b2-payload-heavy	edit_finish_ns	500	518981	526721.622	600459	640335
b2-payload-heavy	edit_output_materialization_ns	500	935367	948098.076	1056029	1163968
b2-payload-heavy	edit_patch_ns	500	736	738.626	1352	1473
b2-payload-heavy	measured_total_ns	500	33986152	34280913.272	36517774	38790935
b2-payload-heavy	open_owner_ns	500	760210	776102.58	868980	1055238
b2-payload-heavy	open_public_ns	500	11207297	11359668.554	12534306	13617151
b2-payload-heavy	same_lineage_apply_ns	500	741	758.59	1012	1162
b2-payload-heavy	workflow_no_diagnostic_ns	500	33986848	34281671.862	36518626	38792016
b2-payload-heavy	workflow_with_fingerprint_demand_ns	500	42387056	42682714.21	44885903	47508807
b2-tiny	deferred_fingerprint_ns	500	25736	26013.72	25875	31504
b2-tiny	edit_authoring_ns	500	18395	18933.248	21369	26588
b2-tiny	edit_final_owner_ns	500	6243	6378.75	6739	7140
b2-tiny	edit_final_public_ns	500	8081	8176.662	8472	9233
b2-tiny	edit_finish_ns	500	4166	4227.12	4676	4896
b2-tiny	edit_output_materialization_ns	500	160	163.696	190	220
b2-tiny	edit_patch_ns	500	40	36.796	40	41
b2-tiny	measured_total_ns	500	52252	53264.008	58330	69155
b2-tiny	open_owner_ns	500	5668	5758.614	6109	6609
b2-tiny	open_public_ns	500	7781	7892.376	8192	12407
b2-tiny	same_lineage_apply_ns	500	40	39.77	50	51
b2-tiny	workflow_no_diagnostic_ns	500	52287	53303.778	58370	69195
b2-tiny	workflow_with_fingerprint_demand_ns	500	78109	79317.498	85258	94942
